,mean_test_score,mean_fit_time,params,rank_test_scores,status,budgets,param_data_preprocessor:__choice__,param_feature_preprocessor:__choice__,param_regressor:__choice__,param_regressor:liblinear_svr:C,param_regressor:liblinear_svr:dual,param_regressor:liblinear_svr:epsilon,param_regressor:liblinear_svr:fit_intercept,param_regressor:liblinear_svr:intercept_scaling,param_regressor:liblinear_svr:loss,param_regressor:liblinear_svr:tol,param_regressor:random_forest:bootstrap,param_regressor:random_forest:criterion,param_regressor:random_forest:max_depth,param_regressor:random_forest:max_features,param_regressor:random_forest:max_leaf_nodes,param_regressor:random_forest:min_impurity_decrease,param_regressor:random_forest:min_samples_leaf,param_regressor:random_forest:min_samples_split,param_regressor:random_forest:min_weight_fraction_leaf,param_regressor:sgd:alpha,param_regressor:sgd:average,param_regressor:sgd:fit_intercept,param_regressor:sgd:learning_rate,param_regressor:sgd:loss,param_regressor:sgd:penalty,param_regressor:sgd:tol,param_regressor:sgd:epsilon,param_regressor:sgd:eta0,param_regressor:sgd:l1_ratio,param_regressor:sgd:power_t
0,16107.541387381443,202.990332365036,"{'data_preprocessor:__choice__': 'NoPreprocessing', 'feature_preprocessor:__choice__': 'no_preprocessing', 'regressor:__choice__': 'random_forest', 'regressor:random_forest:bootstrap': 'True', 'regressor:random_forest:criterion': 'mse', 'regressor:random_forest:max_depth': 'None', 'regressor:random_forest:max_features': 1.0, 'regressor:random_forest:max_leaf_nodes': 'None', 'regressor:random_forest:min_impurity_decrease': 0.0, 'regressor:random_forest:min_samples_leaf': 1, 'regressor:random_forest:min_samples_split': 2, 'regressor:random_forest:min_weight_fraction_leaf': 0.0}",46,Success,0.0,NoPreprocessing,no_preprocessing,random_forest,,,,,,,,True,mse,None,1.0,None,0.0,1.0,2.0,0.0,,,,,,,,,,,
1,60012.44417616382,0.34938478469848633,"{'data_preprocessor:__choice__': 'NoPreprocessing', 'feature_preprocessor:__choice__': 'no_preprocessing', 'regressor:__choice__': 'sgd', 'regressor:sgd:alpha': 1.964717151882485e-06, 'regressor:sgd:average': 'False', 'regressor:sgd:fit_intercept': 'True', 'regressor:sgd:learning_rate': 'optimal', 'regressor:sgd:loss': 'huber', 'regressor:sgd:penalty': 'l2', 'regressor:sgd:tol': 0.018295484560765917, 'regressor:sgd:epsilon': 0.002185604769767247}",60,Success,0.0,NoPreprocessing,no_preprocessing,sgd,,,,,,,,,,,,,,,,,1.964717151882485e-06,False,True,optimal,huber,l2,0.018295484560765917,0.002185604769767247,,,
2,1206254.8389953908,0.36365365982055664,"{'data_preprocessor:__choice__': 'NoPreprocessing', 'feature_preprocessor:__choice__': 'no_preprocessing', 'regressor:__choice__': 'sgd', 'regressor:sgd:alpha': 1.4584326321982225e-07, 'regressor:sgd:average': 'False', 'regressor:sgd:fit_intercept': 'True', 'regressor:sgd:learning_rate': 'constant', 'regressor:sgd:loss': 'squared_loss', 'regressor:sgd:penalty': 'l1', 'regressor:sgd:tol': 0.022794982100263858, 'regressor:sgd:eta0': 0.06787675950584468}",62,Success,0.0,NoPreprocessing,no_preprocessing,sgd,,,,,,,,,,,,,,,,,1.4584326321982225e-07,False,True,constant,squared_loss,l1,0.022794982100263858,,0.06787675950584468,,
3,2147483647.0,240.09640836715698,"{'data_preprocessor:__choice__': 'NoPreprocessing', 'feature_preprocessor:__choice__': 'no_preprocessing', 'regressor:__choice__': 'random_forest', 'regressor:random_forest:bootstrap': 'True', 'regressor:random_forest:criterion': 'mae', 'regressor:random_forest:max_depth': 'None', 'regressor:random_forest:max_features': 0.9473793754831856, 'regressor:random_forest:max_leaf_nodes': 'None', 'regressor:random_forest:min_impurity_decrease': 0.0, 'regressor:random_forest:min_samples_leaf': 17, 'regressor:random_forest:min_samples_split': 15, 'regressor:random_forest:min_weight_fraction_leaf': 0.0}",67,Timeout,0.0,NoPreprocessing,no_preprocessing,random_forest,,,,,,,,True,mae,None,0.9473793754831856,None,0.0,17.0,15.0,0.0,,,,,,,,,,,
4,17024.504344072164,0.7756764888763428,"{'data_preprocessor:__choice__': 'NoPreprocessing', 'feature_preprocessor:__choice__': 'no_preprocessing', 'regressor:__choice__': 'liblinear_svr', 'regressor:liblinear_svr:C': 553.1816294738262, 'regressor:liblinear_svr:dual': 'False', 'regressor:liblinear_svr:epsilon': 0.12437545583018453, 'regressor:liblinear_svr:fit_intercept': 'True', 'regressor:liblinear_svr:intercept_scaling': 1, 'regressor:liblinear_svr:loss': 'squared_epsilon_insensitive', 'regressor:liblinear_svr:tol': 0.003472981073760073}",53,Success,0.0,NoPreprocessing,no_preprocessing,liblinear_svr,553.1816294738262,False,0.12437545583018453,True,1.0,squared_epsilon_insensitive,0.003472981073760073,,,,,,,,,,,,,,,,,,,,
5,15805.755589161312,24.642106771469116,"{'data_preprocessor:__choice__': 'NoPreprocessing', 'feature_preprocessor:__choice__': 'no_preprocessing', 'regressor:__choice__': 'random_forest', 'regressor:random_forest:bootstrap': 'False', 'regressor:random_forest:criterion': 'mse', 'regressor:random_forest:max_depth': 'None', 'regressor:random_forest:max_features': 0.15487038672491377, 'regressor:random_forest:max_leaf_nodes': 'None', 'regressor:random_forest:min_impurity_decrease': 0.0, 'regressor:random_forest:min_samples_leaf': 16, 'regressor:random_forest:min_samples_split': 6, 'regressor:random_forest:min_weight_fraction_leaf': 0.0}",9,Success,0.0,NoPreprocessing,no_preprocessing,random_forest,,,,,,,,False,mse,None,0.15487038672491377,None,0.0,16.0,6.0,0.0,,,,,,,,,,,
6,15878.349046108788,22.085569143295288,"{'data_preprocessor:__choice__': 'NoPreprocessing', 'feature_preprocessor:__choice__': 'no_preprocessing', 'regressor:__choice__': 'random_forest', 'regressor:random_forest:bootstrap': 'True', 'regressor:random_forest:criterion': 'mse', 'regressor:random_forest:max_depth': 'None', 'regressor:random_forest:max_features': 0.18392327132015557, 'regressor:random_forest:max_leaf_nodes': 'None', 'regressor:random_forest:min_impurity_decrease': 0.0, 'regressor:random_forest:min_samples_leaf': 6, 'regressor:random_forest:min_samples_split': 16, 'regressor:random_forest:min_weight_fraction_leaf': 0.0}",21,Success,0.0,NoPreprocessing,no_preprocessing,random_forest,,,,,,,,True,mse,None,0.18392327132015557,None,0.0,6.0,16.0,0.0,,,,,,,,,,,
7,15877.690503040374,67.33583974838257,"{'data_preprocessor:__choice__': 'NoPreprocessing', 'feature_preprocessor:__choice__': 'no_preprocessing', 'regressor:__choice__': 'random_forest', 'regressor:random_forest:bootstrap': 'True', 'regressor:random_forest:criterion': 'friedman_mse', 'regressor:random_forest:max_depth': 'None', 'regressor:random_forest:max_features': 0.6352274678928874, 'regressor:random_forest:max_leaf_nodes': 'None', 'regressor:random_forest:min_impurity_decrease': 0.0, 'regressor:random_forest:min_samples_leaf': 12, 'regressor:random_forest:min_samples_split': 10, 'regressor:random_forest:min_weight_fraction_leaf': 0.0}",20,Success,0.0,NoPreprocessing,no_preprocessing,random_forest,,,,,,,,True,friedman_mse,None,0.6352274678928874,None,0.0,12.0,10.0,0.0,,,,,,,,,,,
8,15728.816041160437,87.29195642471313,"{'data_preprocessor:__choice__': 'NoPreprocessing', 'feature_preprocessor:__choice__': 'no_preprocessing', 'regressor:__choice__': 'random_forest', 'regressor:random_forest:bootstrap': 'False', 'regressor:random_forest:criterion': 'friedman_mse', 'regressor:random_forest:max_depth': 'None', 'regressor:random_forest:max_features': 0.44328491320125796, 'regressor:random_forest:max_leaf_nodes': 'None', 'regressor:random_forest:min_impurity_decrease': 0.0, 'regressor:random_forest:min_samples_leaf': 16, 'regressor:random_forest:min_samples_split': 2, 'regressor:random_forest:min_weight_fraction_leaf': 0.0}",2,Success,0.0,NoPreprocessing,no_preprocessing,random_forest,,,,,,,,False,friedman_mse,None,0.44328491320125796,None,0.0,16.0,2.0,0.0,,,,,,,,,,,
9,16941.51742002753,7.996987342834473,"{'data_preprocessor:__choice__': 'NoPreprocessing', 'feature_preprocessor:__choice__': 'no_preprocessing', 'regressor:__choice__': 'liblinear_svr', 'regressor:liblinear_svr:C': 0.4578892646935806, 'regressor:liblinear_svr:dual': 'False', 'regressor:liblinear_svr:epsilon': 0.7184703733956151, 'regressor:liblinear_svr:fit_intercept': 'True', 'regressor:liblinear_svr:intercept_scaling': 1, 'regressor:liblinear_svr:loss': 'squared_epsilon_insensitive', 'regressor:liblinear_svr:tol': 0.00014813857226472004}",50,Success,0.0,NoPreprocessing,no_preprocessing,liblinear_svr,0.4578892646935806,False,0.7184703733956151,True,1.0,squared_epsilon_insensitive,0.00014813857226472004,,,,,,,,,,,,,,,,,,,,
10,15834.730698187055,124.54304647445679,"{'data_preprocessor:__choice__': 'NoPreprocessing', 'feature_preprocessor:__choice__': 'no_preprocessing', 'regressor:__choice__': 'random_forest', 'regressor:random_forest:bootstrap': 'False', 'regressor:random_forest:criterion': 'friedman_mse', 'regressor:random_forest:max_depth': 'None', 'regressor:random_forest:max_features': 0.5323284595580118, 'regressor:random_forest:max_leaf_nodes': 'None', 'regressor:random_forest:min_impurity_decrease': 0.0, 'regressor:random_forest:min_samples_leaf': 4, 'regressor:random_forest:min_samples_split': 2, 'regressor:random_forest:min_weight_fraction_leaf': 0.0}",12,Success,0.0,NoPreprocessing,no_preprocessing,random_forest,,,,,,,,False,friedman_mse,None,0.5323284595580118,None,0.0,4.0,2.0,0.0,,,,,,,,,,,
11,17001.117645835955,0.4915730953216553,"{'data_preprocessor:__choice__': 'NoPreprocessing', 'feature_preprocessor:__choice__': 'no_preprocessing', 'regressor:__choice__': 'liblinear_svr', 'regressor:liblinear_svr:C': 3.111289371364336, 'regressor:liblinear_svr:dual': 'False', 'regressor:liblinear_svr:epsilon': 0.02301026155165995, 'regressor:liblinear_svr:fit_intercept': 'True', 'regressor:liblinear_svr:intercept_scaling': 1, 'regressor:liblinear_svr:loss': 'squared_epsilon_insensitive', 'regressor:liblinear_svr:tol': 0.017795076618776492}",51,Success,0.0,NoPreprocessing,no_preprocessing,liblinear_svr,3.111289371364336,False,0.02301026155165995,True,1.0,squared_epsilon_insensitive,0.017795076618776492,,,,,,,,,,,,,,,,,,,,
12,15799.453339056523,22.867716073989868,"{'data_preprocessor:__choice__': 'NoPreprocessing', 'feature_preprocessor:__choice__': 'no_preprocessing', 'regressor:__choice__': 'random_forest', 'regressor:random_forest:bootstrap': 'False', 'regressor:random_forest:criterion': 'friedman_mse', 'regressor:random_forest:max_depth': 'None', 'regressor:random_forest:max_features': 0.11662094241424412, 'regressor:random_forest:max_leaf_nodes': 'None', 'regressor:random_forest:min_impurity_decrease': 0.0, 'regressor:random_forest:min_samples_leaf': 7, 'regressor:random_forest:min_samples_split': 18, 'regressor:random_forest:min_weight_fraction_leaf': 0.0}",8,Success,0.0,NoPreprocessing,no_preprocessing,random_forest,,,,,,,,False,friedman_mse,None,0.11662094241424412,None,0.0,7.0,18.0,0.0,,,,,,,,,,,
13,2147483647.0,240.1035671234131,"{'data_preprocessor:__choice__': 'NoPreprocessing', 'feature_preprocessor:__choice__': 'no_preprocessing', 'regressor:__choice__': 'random_forest', 'regressor:random_forest:bootstrap': 'False', 'regressor:random_forest:criterion': 'mae', 'regressor:random_forest:max_depth': 'None', 'regressor:random_forest:max_features': 0.20438549580594328, 'regressor:random_forest:max_leaf_nodes': 'None', 'regressor:random_forest:min_impurity_decrease': 0.0, 'regressor:random_forest:min_samples_leaf': 1, 'regressor:random_forest:min_samples_split': 5, 'regressor:random_forest:min_weight_fraction_leaf': 0.0}",67,Timeout,0.0,NoPreprocessing,no_preprocessing,random_forest,,,,,,,,False,mae,None,0.20438549580594328,None,0.0,1.0,5.0,0.0,,,,,,,,,,,
14,15884.39088878057,51.574565172195435,"{'data_preprocessor:__choice__': 'NoPreprocessing', 'feature_preprocessor:__choice__': 'no_preprocessing', 'regressor:__choice__': 'random_forest', 'regressor:random_forest:bootstrap': 'True', 'regressor:random_forest:criterion': 'mse', 'regressor:random_forest:max_depth': 'None', 'regressor:random_forest:max_features': 0.5602832502167204, 'regressor:random_forest:max_leaf_nodes': 'None', 'regressor:random_forest:min_impurity_decrease': 0.0, 'regressor:random_forest:min_samples_leaf': 16, 'regressor:random_forest:min_samples_split': 2, 'regressor:random_forest:min_weight_fraction_leaf': 0.0}",23,Success,0.0,NoPreprocessing,no_preprocessing,random_forest,,,,,,,,True,mse,None,0.5602832502167204,None,0.0,16.0,2.0,0.0,,,,,,,,,,,
15,15772.126820309315,42.85214686393738,"{'data_preprocessor:__choice__': 'NoPreprocessing', 'feature_preprocessor:__choice__': 'no_preprocessing', 'regressor:__choice__': 'random_forest', 'regressor:random_forest:bootstrap': 'False', 'regressor:random_forest:criterion': 'mse', 'regressor:random_forest:max_depth': 'None', 'regressor:random_forest:max_features': 0.2536242908583013, 'regressor:random_forest:max_leaf_nodes': 'None', 'regressor:random_forest:min_impurity_decrease': 0.0, 'regressor:random_forest:min_samples_leaf': 13, 'regressor:random_forest:min_samples_split': 10, 'regressor:random_forest:min_weight_fraction_leaf': 0.0}",5,Success,0.0,NoPreprocessing,no_preprocessing,random_forest,,,,,,,,False,mse,None,0.2536242908583013,None,0.0,13.0,10.0,0.0,,,,,,,,,,,
16,15886.327468666197,53.027801275253296,"{'data_preprocessor:__choice__': 'NoPreprocessing', 'feature_preprocessor:__choice__': 'no_preprocessing', 'regressor:__choice__': 'random_forest', 'regressor:random_forest:bootstrap': 'True', 'regressor:random_forest:criterion': 'friedman_mse', 'regressor:random_forest:max_depth': 'None', 'regressor:random_forest:max_features': 0.61789242492268, 'regressor:random_forest:max_leaf_nodes': 'None', 'regressor:random_forest:min_impurity_decrease': 0.0, 'regressor:random_forest:min_samples_leaf': 19, 'regressor:random_forest:min_samples_split': 3, 'regressor:random_forest:min_weight_fraction_leaf': 0.0}",24,Success,0.0,NoPreprocessing,no_preprocessing,random_forest,,,,,,,,True,friedman_mse,None,0.61789242492268,None,0.0,19.0,3.0,0.0,,,,,,,,,,,
17,15674.68986802762,125.72803330421448,"{'data_preprocessor:__choice__': 'NoPreprocessing', 'feature_preprocessor:__choice__': 'no_preprocessing', 'regressor:__choice__': 'random_forest', 'regressor:random_forest:bootstrap': 'False', 'regressor:random_forest:criterion': 'friedman_mse', 'regressor:random_forest:max_depth': 'None', 'regressor:random_forest:max_features': 0.698281096320785, 'regressor:random_forest:max_leaf_nodes': 'None', 'regressor:random_forest:min_impurity_decrease': 0.0, 'regressor:random_forest:min_samples_leaf': 11, 'regressor:random_forest:min_samples_split': 5, 'regressor:random_forest:min_weight_fraction_leaf': 0.0}",1,Success,0.0,NoPreprocessing,no_preprocessing,random_forest,,,,,,,,False,friedman_mse,None,0.698281096320785,None,0.0,11.0,5.0,0.0,,,,,,,,,,,
18,15835.862369888613,18.696194648742676,"{'data_preprocessor:__choice__': 'NoPreprocessing', 'feature_preprocessor:__choice__': 'no_preprocessing', 'regressor:__choice__': 'random_forest', 'regressor:random_forest:bootstrap': 'False', 'regressor:random_forest:criterion': 'mse', 'regressor:random_forest:max_depth': 'None', 'regressor:random_forest:max_features': 0.11526923585209747, 'regressor:random_forest:max_leaf_nodes': 'None', 'regressor:random_forest:min_impurity_decrease': 0.0, 'regressor:random_forest:min_samples_leaf': 14, 'regressor:random_forest:min_samples_split': 17, 'regressor:random_forest:min_weight_fraction_leaf': 0.0}",13,Success,0.0,NoPreprocessing,no_preprocessing,random_forest,,,,,,,,False,mse,None,0.11526923585209747,None,0.0,14.0,17.0,0.0,,,,,,,,,,,
19,17044.59631522306,6.987433910369873,"{'data_preprocessor:__choice__': 'NoPreprocessing', 'feature_preprocessor:__choice__': 'no_preprocessing', 'regressor:__choice__': 'liblinear_svr', 'regressor:liblinear_svr:C': 1.3028224885676118, 'regressor:liblinear_svr:dual': 'False', 'regressor:liblinear_svr:epsilon': 0.7380682149248058, 'regressor:liblinear_svr:fit_intercept': 'True', 'regressor:liblinear_svr:intercept_scaling': 1, 'regressor:liblinear_svr:loss': 'squared_epsilon_insensitive', 'regressor:liblinear_svr:tol': 3.0335002066762922e-05}",54,Success,0.0,NoPreprocessing,no_preprocessing,liblinear_svr,1.3028224885676118,False,0.7380682149248058,True,1.0,squared_epsilon_insensitive,3.0335002066762922e-05,,,,,,,,,,,,,,,,,,,,
20,15958.73388319716,0.3322274684906006,"{'data_preprocessor:__choice__': 'NoPreprocessing', 'feature_preprocessor:__choice__': 'no_preprocessing', 'regressor:__choice__': 'sgd', 'regressor:sgd:alpha': 3.725242314044498e-05, 'regressor:sgd:average': 'False', 'regressor:sgd:fit_intercept': 'True', 'regressor:sgd:learning_rate': 'constant', 'regressor:sgd:loss': 'huber', 'regressor:sgd:penalty': 'l2', 'regressor:sgd:tol': 0.00010409218970319549, 'regressor:sgd:epsilon': 1.3110828883633627e-05, 'regressor:sgd:eta0': 5.54534269847118e-06}",38,Success,0.0,NoPreprocessing,no_preprocessing,sgd,,,,,,,,,,,,,,,,,3.725242314044498e-05,False,True,constant,huber,l2,0.00010409218970319549,1.3110828883633627e-05,5.54534269847118e-06,,
21,17096.546522908775,7.3581085205078125,"{'data_preprocessor:__choice__': 'NoPreprocessing', 'feature_preprocessor:__choice__': 'no_preprocessing', 'regressor:__choice__': 'liblinear_svr', 'regressor:liblinear_svr:C': 3.674112465896452, 'regressor:liblinear_svr:dual': 'False', 'regressor:liblinear_svr:epsilon': 0.4917824013188509, 'regressor:liblinear_svr:fit_intercept': 'True', 'regressor:liblinear_svr:intercept_scaling': 1, 'regressor:liblinear_svr:loss': 'squared_epsilon_insensitive', 'regressor:liblinear_svr:tol': 0.00011329335551332864}",55,Success,0.0,NoPreprocessing,no_preprocessing,liblinear_svr,3.674112465896452,False,0.4917824013188509,True,1.0,squared_epsilon_insensitive,0.00011329335551332864,,,,,,,,,,,,,,,,,,,,
22,16202.60318273891,159.9346125125885,"{'data_preprocessor:__choice__': 'NoPreprocessing', 'feature_preprocessor:__choice__': 'no_preprocessing', 'regressor:__choice__': 'random_forest', 'regressor:random_forest:bootstrap': 'False', 'regressor:random_forest:criterion': 'friedman_mse', 'regressor:random_forest:max_depth': 'None', 'regressor:random_forest:max_features': 0.6720773486203863, 'regressor:random_forest:max_leaf_nodes': 'None', 'regressor:random_forest:min_impurity_decrease': 0.0, 'regressor:random_forest:min_samples_leaf': 3, 'regressor:random_forest:min_samples_split': 18, 'regressor:random_forest:min_weight_fraction_leaf': 0.0}",47,Success,0.0,NoPreprocessing,no_preprocessing,random_forest,,,,,,,,False,friedman_mse,None,0.6720773486203863,None,0.0,3.0,18.0,0.0,,,,,,,,,,,
23,15958.71489367426,0.36385488510131836,"{'data_preprocessor:__choice__': 'NoPreprocessing', 'feature_preprocessor:__choice__': 'no_preprocessing', 'regressor:__choice__': 'sgd', 'regressor:sgd:alpha': 0.00021192921434025347, 'regressor:sgd:average': 'False', 'regressor:sgd:fit_intercept': 'True', 'regressor:sgd:learning_rate': 'invscaling', 'regressor:sgd:loss': 'squared_loss', 'regressor:sgd:penalty': 'l1', 'regressor:sgd:tol': 4.985588698006727e-05, 'regressor:sgd:eta0': 1.2927772939426972e-07, 'regressor:sgd:power_t': 0.46978500380883165}",36,Success,0.0,NoPreprocessing,no_preprocessing,sgd,,,,,,,,,,,,,,,,,0.00021192921434025347,False,True,invscaling,squared_loss,l1,4.985588698006727e-05,,1.2927772939426972e-07,,0.46978500380883165
24,15874.152477866617,46.42236590385437,"{'data_preprocessor:__choice__': 'NoPreprocessing', 'feature_preprocessor:__choice__': 'no_preprocessing', 'regressor:__choice__': 'random_forest', 'regressor:random_forest:bootstrap': 'True', 'regressor:random_forest:criterion': 'friedman_mse', 'regressor:random_forest:max_depth': 'None', 'regressor:random_forest:max_features': 0.47540713757884345, 'regressor:random_forest:max_leaf_nodes': 'None', 'regressor:random_forest:min_impurity_decrease': 0.0, 'regressor:random_forest:min_samples_leaf': 13, 'regressor:random_forest:min_samples_split': 19, 'regressor:random_forest:min_weight_fraction_leaf': 0.0}",19,Success,0.0,NoPreprocessing,no_preprocessing,random_forest,,,,,,,,True,friedman_mse,None,0.47540713757884345,None,0.0,13.0,19.0,0.0,,,,,,,,,,,
25,2147483647.0,240.0606541633606,"{'data_preprocessor:__choice__': 'NoPreprocessing', 'feature_preprocessor:__choice__': 'no_preprocessing', 'regressor:__choice__': 'random_forest', 'regressor:random_forest:bootstrap': 'False', 'regressor:random_forest:criterion': 'mae', 'regressor:random_forest:max_depth': 'None', 'regressor:random_forest:max_features': 0.13973427190345478, 'regressor:random_forest:max_leaf_nodes': 'None', 'regressor:random_forest:min_impurity_decrease': 0.0, 'regressor:random_forest:min_samples_leaf': 1, 'regressor:random_forest:min_samples_split': 7, 'regressor:random_forest:min_weight_fraction_leaf': 0.0}",67,Timeout,0.0,NoPreprocessing,no_preprocessing,random_forest,,,,,,,,False,mae,None,0.13973427190345478,None,0.0,1.0,7.0,0.0,,,,,,,,,,,
26,15828.409543869215,17.736030101776123,"{'data_preprocessor:__choice__': 'NoPreprocessing', 'feature_preprocessor:__choice__': 'no_preprocessing', 'regressor:__choice__': 'random_forest', 'regressor:random_forest:bootstrap': 'False', 'regressor:random_forest:criterion': 'mse', 'regressor:random_forest:max_depth': 'None', 'regressor:random_forest:max_features': 0.11882290598725773, 'regressor:random_forest:max_leaf_nodes': 'None', 'regressor:random_forest:min_impurity_decrease': 0.0, 'regressor:random_forest:min_samples_leaf': 20, 'regressor:random_forest:min_samples_split': 10, 'regressor:random_forest:min_weight_fraction_leaf': 0.0}",11,Success,0.0,NoPreprocessing,no_preprocessing,random_forest,,,,,,,,False,mse,None,0.11882290598725773,None,0.0,20.0,10.0,0.0,,,,,,,,,,,
27,15872.0495444158,71.77593946456909,"{'data_preprocessor:__choice__': 'NoPreprocessing', 'feature_preprocessor:__choice__': 'no_preprocessing', 'regressor:__choice__': 'random_forest', 'regressor:random_forest:bootstrap': 'False', 'regressor:random_forest:criterion': 'friedman_mse', 'regressor:random_forest:max_depth': 'None', 'regressor:random_forest:max_features': 0.35190109391449353, 'regressor:random_forest:max_leaf_nodes': 'None', 'regressor:random_forest:min_impurity_decrease': 0.0, 'regressor:random_forest:min_samples_leaf': 8, 'regressor:random_forest:min_samples_split': 15, 'regressor:random_forest:min_weight_fraction_leaf': 0.0}",18,Success,0.0,NoPreprocessing,no_preprocessing,random_forest,,,,,,,,False,friedman_mse,None,0.35190109391449353,None,0.0,8.0,15.0,0.0,,,,,,,,,,,
28,15945.945675002444,0.5188412666320801,"{'data_preprocessor:__choice__': 'NoPreprocessing', 'feature_preprocessor:__choice__': 'no_preprocessing', 'regressor:__choice__': 'sgd', 'regressor:sgd:alpha': 0.00015079932368616776, 'regressor:sgd:average': 'True', 'regressor:sgd:fit_intercept': 'True', 'regressor:sgd:learning_rate': 'constant', 'regressor:sgd:loss': 'squared_loss', 'regressor:sgd:penalty': 'l2', 'regressor:sgd:tol': 0.01932089196036869, 'regressor:sgd:eta0': 3.1631027139839633e-06}",31,Success,0.0,NoPreprocessing,no_preprocessing,sgd,,,,,,,,,,,,,,,,,0.00015079932368616776,True,True,constant,squared_loss,l2,0.01932089196036869,,3.1631027139839633e-06,,
29,19399.221130270267,8.44314169883728,"{'data_preprocessor:__choice__': 'NoPreprocessing', 'feature_preprocessor:__choice__': 'no_preprocessing', 'regressor:__choice__': 'liblinear_svr', 'regressor:liblinear_svr:C': 6601.189689877142, 'regressor:liblinear_svr:dual': 'False', 'regressor:liblinear_svr:epsilon': 0.01086491175087412, 'regressor:liblinear_svr:fit_intercept': 'True', 'regressor:liblinear_svr:intercept_scaling': 1, 'regressor:liblinear_svr:loss': 'squared_epsilon_insensitive', 'regressor:liblinear_svr:tol': 0.0007933024746481655}",57,Success,0.0,NoPreprocessing,no_preprocessing,liblinear_svr,6601.189689877142,False,0.01086491175087412,True,1.0,squared_epsilon_insensitive,0.0007933024746481655,,,,,,,,,,,,,,,,,,,,
30,16515.095948683906,0.5366075038909912,"{'data_preprocessor:__choice__': 'NoPreprocessing', 'feature_preprocessor:__choice__': 'no_preprocessing', 'regressor:__choice__': 'liblinear_svr', 'regressor:liblinear_svr:C': 802.1630138319921, 'regressor:liblinear_svr:dual': 'False', 'regressor:liblinear_svr:epsilon': 0.0011412059089368834, 'regressor:liblinear_svr:fit_intercept': 'True', 'regressor:liblinear_svr:intercept_scaling': 1, 'regressor:liblinear_svr:loss': 'squared_epsilon_insensitive', 'regressor:liblinear_svr:tol': 0.03297758800685027}",48,Success,0.0,NoPreprocessing,no_preprocessing,liblinear_svr,802.1630138319921,False,0.0011412059089368834,True,1.0,squared_epsilon_insensitive,0.03297758800685027,,,,,,,,,,,,,,,,,,,,
31,17012.247110296266,0.4542825222015381,"{'data_preprocessor:__choice__': 'NoPreprocessing', 'feature_preprocessor:__choice__': 'no_preprocessing', 'regressor:__choice__': 'liblinear_svr', 'regressor:liblinear_svr:C': 3.372524438928977, 'regressor:liblinear_svr:dual': 'False', 'regressor:liblinear_svr:epsilon': 0.00845098161482834, 'regressor:liblinear_svr:fit_intercept': 'True', 'regressor:liblinear_svr:intercept_scaling': 1, 'regressor:liblinear_svr:loss': 'squared_epsilon_insensitive', 'regressor:liblinear_svr:tol': 0.02011666761276964}",52,Success,0.0,NoPreprocessing,no_preprocessing,liblinear_svr,3.372524438928977,False,0.00845098161482834,True,1.0,squared_epsilon_insensitive,0.02011666761276964,,,,,,,,,,,,,,,,,,,,
32,16522.51633862257,0.5297491550445557,"{'data_preprocessor:__choice__': 'NoPreprocessing', 'feature_preprocessor:__choice__': 'no_preprocessing', 'regressor:__choice__': 'sgd', 'regressor:sgd:alpha': 0.0004996254250426913, 'regressor:sgd:average': 'True', 'regressor:sgd:fit_intercept': 'True', 'regressor:sgd:learning_rate': 'invscaling', 'regressor:sgd:loss': 'squared_epsilon_insensitive', 'regressor:sgd:penalty': 'l1', 'regressor:sgd:tol': 0.000940828272574568, 'regressor:sgd:epsilon': 0.009181123755115995, 'regressor:sgd:eta0': 0.021969740791642132, 'regressor:sgd:power_t': 0.6548895088543744}",49,Success,0.0,NoPreprocessing,no_preprocessing,sgd,,,,,,,,,,,,,,,,,0.0004996254250426913,True,True,invscaling,squared_epsilon_insensitive,l1,0.000940828272574568,0.009181123755115995,0.021969740791642132,,0.6548895088543744
33,1383807.0357405166,0.5286462306976318,"{'data_preprocessor:__choice__': 'NoPreprocessing', 'feature_preprocessor:__choice__': 'no_preprocessing', 'regressor:__choice__': 'sgd', 'regressor:sgd:alpha': 4.071925828163955e-05, 'regressor:sgd:average': 'True', 'regressor:sgd:fit_intercept': 'True', 'regressor:sgd:learning_rate': 'optimal', 'regressor:sgd:loss': 'squared_epsilon_insensitive', 'regressor:sgd:penalty': 'l1', 'regressor:sgd:tol': 0.0002662848602461233, 'regressor:sgd:epsilon': 2.8178782077875036e-05}",65,Success,0.0,NoPreprocessing,no_preprocessing,sgd,,,,,,,,,,,,,,,,,4.071925828163955e-05,True,True,optimal,squared_epsilon_insensitive,l1,0.0002662848602461233,2.8178782077875036e-05,,,
34,16100.387144060436,68.0400276184082,"{'data_preprocessor:__choice__': 'NoPreprocessing', 'feature_preprocessor:__choice__': 'no_preprocessing', 'regressor:__choice__': 'random_forest', 'regressor:random_forest:bootstrap': 'False', 'regressor:random_forest:criterion': 'friedman_mse', 'regressor:random_forest:max_depth': 'None', 'regressor:random_forest:max_features': 0.19074610157610228, 'regressor:random_forest:max_leaf_nodes': 'None', 'regressor:random_forest:min_impurity_decrease': 0.0, 'regressor:random_forest:min_samples_leaf': 1, 'regressor:random_forest:min_samples_split': 4, 'regressor:random_forest:min_weight_fraction_leaf': 0.0}",45,Success,0.0,NoPreprocessing,no_preprocessing,random_forest,,,,,,,,False,friedman_mse,None,0.19074610157610228,None,0.0,1.0,4.0,0.0,,,,,,,,,,,
35,1372473.506278532,0.37151503562927246,"{'data_preprocessor:__choice__': 'NoPreprocessing', 'feature_preprocessor:__choice__': 'no_preprocessing', 'regressor:__choice__': 'sgd', 'regressor:sgd:alpha': 0.0016208693228060955, 'regressor:sgd:average': 'False', 'regressor:sgd:fit_intercept': 'True', 'regressor:sgd:learning_rate': 'constant', 'regressor:sgd:loss': 'squared_loss', 'regressor:sgd:penalty': 'l2', 'regressor:sgd:tol': 1.1411160330694454e-05, 'regressor:sgd:eta0': 0.0036287300730914723}",64,Success,0.0,NoPreprocessing,no_preprocessing,sgd,,,,,,,,,,,,,,,,,0.0016208693228060955,False,True,constant,squared_loss,l2,1.1411160330694454e-05,,0.0036287300730914723,,
36,15958.681023592875,0.42878103256225586,"{'data_preprocessor:__choice__': 'NoPreprocessing', 'feature_preprocessor:__choice__': 'no_preprocessing', 'regressor:__choice__': 'sgd', 'regressor:sgd:alpha': 0.011904240089136164, 'regressor:sgd:average': 'True', 'regressor:sgd:fit_intercept': 'True', 'regressor:sgd:learning_rate': 'invscaling', 'regressor:sgd:loss': 'squared_loss', 'regressor:sgd:penalty': 'l2', 'regressor:sgd:tol': 2.256012866101568e-05, 'regressor:sgd:eta0': 8.521190001437772e-06, 'regressor:sgd:power_t': 0.8130755638579765}",34,Success,0.0,NoPreprocessing,no_preprocessing,sgd,,,,,,,,,,,,,,,,,0.011904240089136164,True,True,invscaling,squared_loss,l2,2.256012866101568e-05,,8.521190001437772e-06,,0.8130755638579765
37,15886.449597890702,44.71785092353821,"{'data_preprocessor:__choice__': 'NoPreprocessing', 'feature_preprocessor:__choice__': 'no_preprocessing', 'regressor:__choice__': 'random_forest', 'regressor:random_forest:bootstrap': 'False', 'regressor:random_forest:criterion': 'mse', 'regressor:random_forest:max_depth': 'None', 'regressor:random_forest:max_features': 0.16605827047811034, 'regressor:random_forest:max_leaf_nodes': 'None', 'regressor:random_forest:min_impurity_decrease': 0.0, 'regressor:random_forest:min_samples_leaf': 2, 'regressor:random_forest:min_samples_split': 14, 'regressor:random_forest:min_weight_fraction_leaf': 0.0}",25,Success,0.0,NoPreprocessing,no_preprocessing,random_forest,,,,,,,,False,mse,None,0.16605827047811034,None,0.0,2.0,14.0,0.0,,,,,,,,,,,
38,16000.977921734879,1.3263351917266846,"{'data_preprocessor:__choice__': 'NoPreprocessing', 'feature_preprocessor:__choice__': 'no_preprocessing', 'regressor:__choice__': 'sgd', 'regressor:sgd:alpha': 1.039108796665827e-05, 'regressor:sgd:average': 'False', 'regressor:sgd:fit_intercept': 'True', 'regressor:sgd:learning_rate': 'constant', 'regressor:sgd:loss': 'squared_epsilon_insensitive', 'regressor:sgd:penalty': 'elasticnet', 'regressor:sgd:tol': 2.4247376750160505e-05, 'regressor:sgd:epsilon': 0.01478283687580178, 'regressor:sgd:eta0': 2.2610299243852392e-06, 'regressor:sgd:l1_ratio': 2.68241482031959e-05}",42,Success,0.0,NoPreprocessing,no_preprocessing,sgd,,,,,,,,,,,,,,,,,1.039108796665827e-05,False,True,constant,squared_epsilon_insensitive,elasticnet,2.4247376750160505e-05,0.01478283687580178,2.2610299243852392e-06,2.68241482031959e-05,
39,15866.215176114398,19.94041085243225,"{'data_preprocessor:__choice__': 'NoPreprocessing', 'feature_preprocessor:__choice__': 'no_preprocessing', 'regressor:__choice__': 'random_forest', 'regressor:random_forest:bootstrap': 'True', 'regressor:random_forest:criterion': 'mse', 'regressor:random_forest:max_depth': 'None', 'regressor:random_forest:max_features': 0.11932885491986922, 'regressor:random_forest:max_leaf_nodes': 'None', 'regressor:random_forest:min_impurity_decrease': 0.0, 'regressor:random_forest:min_samples_leaf': 1, 'regressor:random_forest:min_samples_split': 13, 'regressor:random_forest:min_weight_fraction_leaf': 0.0}",15,Success,0.0,NoPreprocessing,no_preprocessing,random_forest,,,,,,,,True,mse,None,0.11932885491986922,None,0.0,1.0,13.0,0.0,,,,,,,,,,,
40,15857.866190654348,39.59715175628662,"{'data_preprocessor:__choice__': 'NoPreprocessing', 'feature_preprocessor:__choice__': 'no_preprocessing', 'regressor:__choice__': 'random_forest', 'regressor:random_forest:bootstrap': 'False', 'regressor:random_forest:criterion': 'mse', 'regressor:random_forest:max_depth': 'None', 'regressor:random_forest:max_features': 0.1384081461523785, 'regressor:random_forest:max_leaf_nodes': 'None', 'regressor:random_forest:min_impurity_decrease': 0.0, 'regressor:random_forest:min_samples_leaf': 2, 'regressor:random_forest:min_samples_split': 7, 'regressor:random_forest:min_weight_fraction_leaf': 0.0}",14,Success,0.0,NoPreprocessing,no_preprocessing,random_forest,,,,,,,,False,mse,None,0.1384081461523785,None,0.0,2.0,7.0,0.0,,,,,,,,,,,
41,15953.32630728838,88.54306864738464,"{'data_preprocessor:__choice__': 'NoPreprocessing', 'feature_preprocessor:__choice__': 'no_preprocessing', 'regressor:__choice__': 'random_forest', 'regressor:random_forest:bootstrap': 'True', 'regressor:random_forest:criterion': 'mse', 'regressor:random_forest:max_depth': 'None', 'regressor:random_forest:max_features': 0.5323498117950193, 'regressor:random_forest:max_leaf_nodes': 'None', 'regressor:random_forest:min_impurity_decrease': 0.0, 'regressor:random_forest:min_samples_leaf': 2, 'regressor:random_forest:min_samples_split': 11, 'regressor:random_forest:min_weight_fraction_leaf': 0.0}",32,Success,0.0,NoPreprocessing,no_preprocessing,random_forest,,,,,,,,True,mse,None,0.5323498117950193,None,0.0,2.0,11.0,0.0,,,,,,,,,,,
42,2147483647.0,240.10332822799683,"{'data_preprocessor:__choice__': 'NoPreprocessing', 'feature_preprocessor:__choice__': 'no_preprocessing', 'regressor:__choice__': 'random_forest', 'regressor:random_forest:bootstrap': 'True', 'regressor:random_forest:criterion': 'mae', 'regressor:random_forest:max_depth': 'None', 'regressor:random_forest:max_features': 0.41197696533436345, 'regressor:random_forest:max_leaf_nodes': 'None', 'regressor:random_forest:min_impurity_decrease': 0.0, 'regressor:random_forest:min_samples_leaf': 4, 'regressor:random_forest:min_samples_split': 2, 'regressor:random_forest:min_weight_fraction_leaf': 0.0}",67,Timeout,0.0,NoPreprocessing,no_preprocessing,random_forest,,,,,,,,True,mae,None,0.41197696533436345,None,0.0,4.0,2.0,0.0,,,,,,,,,,,
43,16001.216346007193,0.5013542175292969,"{'data_preprocessor:__choice__': 'NoPreprocessing', 'feature_preprocessor:__choice__': 'no_preprocessing', 'regressor:__choice__': 'sgd', 'regressor:sgd:alpha': 1.5636443459325204e-06, 'regressor:sgd:average': 'True', 'regressor:sgd:fit_intercept': 'True', 'regressor:sgd:learning_rate': 'invscaling', 'regressor:sgd:loss': 'epsilon_insensitive', 'regressor:sgd:penalty': 'l1', 'regressor:sgd:tol': 0.005473960721460385, 'regressor:sgd:epsilon': 0.00024863632064971993, 'regressor:sgd:eta0': 0.003646436372182613, 'regressor:sgd:power_t': 0.6304247570859399}",43,Success,0.0,NoPreprocessing,no_preprocessing,sgd,,,,,,,,,,,,,,,,,1.5636443459325204e-06,True,True,invscaling,epsilon_insensitive,l1,0.005473960721460385,0.00024863632064971993,0.003646436372182613,,0.6304247570859399
44,15868.187014753565,34.60729670524597,"{'data_preprocessor:__choice__': 'NoPreprocessing', 'feature_preprocessor:__choice__': 'no_preprocessing', 'regressor:__choice__': 'random_forest', 'regressor:random_forest:bootstrap': 'False', 'regressor:random_forest:criterion': 'mse', 'regressor:random_forest:max_depth': 'None', 'regressor:random_forest:max_features': 0.1069373205525449, 'regressor:random_forest:max_leaf_nodes': 'None', 'regressor:random_forest:min_impurity_decrease': 0.0, 'regressor:random_forest:min_samples_leaf': 1, 'regressor:random_forest:min_samples_split': 14, 'regressor:random_forest:min_weight_fraction_leaf': 0.0}",16,Success,0.0,NoPreprocessing,no_preprocessing,random_forest,,,,,,,,False,mse,None,0.1069373205525449,None,0.0,1.0,14.0,0.0,,,,,,,,,,,
45,15958.731509466312,0.47196221351623535,"{'data_preprocessor:__choice__': 'NoPreprocessing', 'feature_preprocessor:__choice__': 'no_preprocessing', 'regressor:__choice__': 'sgd', 'regressor:sgd:alpha': 1.0787633473991817e-07, 'regressor:sgd:average': 'True', 'regressor:sgd:fit_intercept': 'True', 'regressor:sgd:learning_rate': 'invscaling', 'regressor:sgd:loss': 'squared_loss', 'regressor:sgd:penalty': 'elasticnet', 'regressor:sgd:tol': 5.820383384187414e-05, 'regressor:sgd:eta0': 1.9106248342845654e-06, 'regressor:sgd:l1_ratio': 1.3395482989428392e-08, 'regressor:sgd:power_t': 0.9709150922425406}",37,Success,0.0,NoPreprocessing,no_preprocessing,sgd,,,,,,,,,,,,,,,,,1.0787633473991817e-07,True,True,invscaling,squared_loss,elasticnet,5.820383384187414e-05,,1.9106248342845654e-06,1.3395482989428392e-08,0.9709150922425406
46,15759.984485716253,49.48613429069519,"{'data_preprocessor:__choice__': 'NoPreprocessing', 'feature_preprocessor:__choice__': 'no_preprocessing', 'regressor:__choice__': 'random_forest', 'regressor:random_forest:bootstrap': 'False', 'regressor:random_forest:criterion': 'mse', 'regressor:random_forest:max_depth': 'None', 'regressor:random_forest:max_features': 0.24398544821854773, 'regressor:random_forest:max_leaf_nodes': 'None', 'regressor:random_forest:min_impurity_decrease': 0.0, 'regressor:random_forest:min_samples_leaf': 11, 'regressor:random_forest:min_samples_split': 15, 'regressor:random_forest:min_weight_fraction_leaf': 0.0}",3,Success,0.0,NoPreprocessing,no_preprocessing,random_forest,,,,,,,,False,mse,None,0.24398544821854773,None,0.0,11.0,15.0,0.0,,,,,,,,,,,
47,15963.582536665328,56.78964638710022,"{'data_preprocessor:__choice__': 'NoPreprocessing', 'feature_preprocessor:__choice__': 'no_preprocessing', 'regressor:__choice__': 'random_forest', 'regressor:random_forest:bootstrap': 'False', 'regressor:random_forest:criterion': 'mse', 'regressor:random_forest:max_depth': 'None', 'regressor:random_forest:max_features': 0.16087841797168428, 'regressor:random_forest:max_leaf_nodes': 'None', 'regressor:random_forest:min_impurity_decrease': 0.0, 'regressor:random_forest:min_samples_leaf': 1, 'regressor:random_forest:min_samples_split': 5, 'regressor:random_forest:min_weight_fraction_leaf': 0.0}",39,Success,0.0,NoPreprocessing,no_preprocessing,random_forest,,,,,,,,False,mse,None,0.16087841797168428,None,0.0,1.0,5.0,0.0,,,,,,,,,,,
48,15942.362266806751,1.180290937423706,"{'data_preprocessor:__choice__': 'NoPreprocessing', 'feature_preprocessor:__choice__': 'no_preprocessing', 'regressor:__choice__': 'sgd', 'regressor:sgd:alpha': 1.0620932686258662e-07, 'regressor:sgd:average': 'True', 'regressor:sgd:fit_intercept': 'True', 'regressor:sgd:learning_rate': 'invscaling', 'regressor:sgd:loss': 'squared_loss', 'regressor:sgd:penalty': 'l2', 'regressor:sgd:tol': 1.7872240703403563e-05, 'regressor:sgd:eta0': 2.2835477794112333e-05, 'regressor:sgd:power_t': 0.1491005229354941}",30,Success,0.0,NoPreprocessing,no_preprocessing,sgd,,,,,,,,,,,,,,,,,1.0620932686258662e-07,True,True,invscaling,squared_loss,l2,1.7872240703403563e-05,,2.2835477794112333e-05,,0.1491005229354941
49,15991.39658482833,160.03546500205994,"{'data_preprocessor:__choice__': 'NoPreprocessing', 'feature_preprocessor:__choice__': 'no_preprocessing', 'regressor:__choice__': 'random_forest', 'regressor:random_forest:bootstrap': 'False', 'regressor:random_forest:criterion': 'friedman_mse', 'regressor:random_forest:max_depth': 'None', 'regressor:random_forest:max_features': 0.8968442312171477, 'regressor:random_forest:max_leaf_nodes': 'None', 'regressor:random_forest:min_impurity_decrease': 0.0, 'regressor:random_forest:min_samples_leaf': 16, 'regressor:random_forest:min_samples_split': 12, 'regressor:random_forest:min_weight_fraction_leaf': 0.0}",41,Success,0.0,NoPreprocessing,no_preprocessing,random_forest,,,,,,,,False,friedman_mse,None,0.8968442312171477,None,0.0,16.0,12.0,0.0,,,,,,,,,,,
50,16040.784181184485,4.6211466789245605,"{'data_preprocessor:__choice__': 'NoPreprocessing', 'feature_preprocessor:__choice__': 'no_preprocessing', 'regressor:__choice__': 'sgd', 'regressor:sgd:alpha': 7.94294528213266e-07, 'regressor:sgd:average': 'True', 'regressor:sgd:fit_intercept': 'True', 'regressor:sgd:learning_rate': 'invscaling', 'regressor:sgd:loss': 'epsilon_insensitive', 'regressor:sgd:penalty': 'l1', 'regressor:sgd:tol': 1.1898042803173493e-05, 'regressor:sgd:epsilon': 1.6852106767157348e-05, 'regressor:sgd:eta0': 3.301258597109989e-06, 'regressor:sgd:power_t': 0.11170807091934438}",44,Success,0.0,NoPreprocessing,no_preprocessing,sgd,,,,,,,,,,,,,,,,,7.94294528213266e-07,True,True,invscaling,epsilon_insensitive,l1,1.1898042803173493e-05,1.6852106767157348e-05,3.301258597109989e-06,,0.11170807091934438
51,15932.74038525857,0.4435133934020996,"{'data_preprocessor:__choice__': 'NoPreprocessing', 'feature_preprocessor:__choice__': 'no_preprocessing', 'regressor:__choice__': 'sgd', 'regressor:sgd:alpha': 0.056593069440256126, 'regressor:sgd:average': 'True', 'regressor:sgd:fit_intercept': 'True', 'regressor:sgd:learning_rate': 'invscaling', 'regressor:sgd:loss': 'squared_epsilon_insensitive', 'regressor:sgd:penalty': 'l2', 'regressor:sgd:tol': 0.0036697804018512668, 'regressor:sgd:epsilon': 4.4540739025460684e-05, 'regressor:sgd:eta0': 0.00010574407572617363, 'regressor:sgd:power_t': 0.33683653902800015}",28,Success,0.0,NoPreprocessing,no_preprocessing,sgd,,,,,,,,,,,,,,,,,0.056593069440256126,True,True,invscaling,squared_epsilon_insensitive,l2,0.0036697804018512668,4.4540739025460684e-05,0.00010574407572617363,,0.33683653902800015
52,19486.142766714802,18.678200483322144,"{'data_preprocessor:__choice__': 'NoPreprocessing', 'feature_preprocessor:__choice__': 'no_preprocessing', 'regressor:__choice__': 'liblinear_svr', 'regressor:liblinear_svr:C': 24.56173016109147, 'regressor:liblinear_svr:dual': 'False', 'regressor:liblinear_svr:epsilon': 0.004529260289809583, 'regressor:liblinear_svr:fit_intercept': 'True', 'regressor:liblinear_svr:intercept_scaling': 1, 'regressor:liblinear_svr:loss': 'squared_epsilon_insensitive', 'regressor:liblinear_svr:tol': 0.00011854219684224284}",58,Success,0.0,NoPreprocessing,no_preprocessing,liblinear_svr,24.56173016109147,False,0.004529260289809583,True,1.0,squared_epsilon_insensitive,0.00011854219684224284,,,,,,,,,,,,,,,,,,,,
53,15927.944104869737,3.4679572582244873,"{'data_preprocessor:__choice__': 'NoPreprocessing', 'feature_preprocessor:__choice__': 'no_preprocessing', 'regressor:__choice__': 'sgd', 'regressor:sgd:alpha': 2.1264698354154715e-05, 'regressor:sgd:average': 'True', 'regressor:sgd:fit_intercept': 'True', 'regressor:sgd:learning_rate': 'invscaling', 'regressor:sgd:loss': 'squared_loss', 'regressor:sgd:penalty': 'elasticnet', 'regressor:sgd:tol': 1.003758597890793e-05, 'regressor:sgd:eta0': 1.0811775002776405e-05, 'regressor:sgd:l1_ratio': 0.01110179716228946, 'regressor:sgd:power_t': 0.26560030703019805}",26,Success,0.0,NoPreprocessing,no_preprocessing,sgd,,,,,,,,,,,,,,,,,2.1264698354154715e-05,True,True,invscaling,squared_loss,elasticnet,1.003758597890793e-05,,1.0811775002776405e-05,0.01110179716228946,0.26560030703019805
54,15809.313980305089,34.2266891002655,"{'data_preprocessor:__choice__': 'NoPreprocessing', 'feature_preprocessor:__choice__': 'no_preprocessing', 'regressor:__choice__': 'random_forest', 'regressor:random_forest:bootstrap': 'False', 'regressor:random_forest:criterion': 'friedman_mse', 'regressor:random_forest:max_depth': 'None', 'regressor:random_forest:max_features': 0.20027269520048255, 'regressor:random_forest:max_leaf_nodes': 'None', 'regressor:random_forest:min_impurity_decrease': 0.0, 'regressor:random_forest:min_samples_leaf': 16, 'regressor:random_forest:min_samples_split': 3, 'regressor:random_forest:min_weight_fraction_leaf': 0.0}",10,Success,0.0,NoPreprocessing,no_preprocessing,random_forest,,,,,,,,False,friedman_mse,None,0.20027269520048255,None,0.0,16.0,3.0,0.0,,,,,,,,,,,
55,1550862.2088417448,0.4108860492706299,"{'data_preprocessor:__choice__': 'NoPreprocessing', 'feature_preprocessor:__choice__': 'no_preprocessing', 'regressor:__choice__': 'sgd', 'regressor:sgd:alpha': 0.002809858835441921, 'regressor:sgd:average': 'False', 'regressor:sgd:fit_intercept': 'True', 'regressor:sgd:learning_rate': 'constant', 'regressor:sgd:loss': 'squared_loss', 'regressor:sgd:penalty': 'l2', 'regressor:sgd:tol': 0.002956906221154821, 'regressor:sgd:eta0': 0.03988081413383878}",66,Success,0.0,NoPreprocessing,no_preprocessing,sgd,,,,,,,,,,,,,,,,,0.002809858835441921,False,True,constant,squared_loss,l2,0.002956906221154821,,0.03988081413383878,,
56,17113.318138431667,7.450176477432251,"{'data_preprocessor:__choice__': 'NoPreprocessing', 'feature_preprocessor:__choice__': 'no_preprocessing', 'regressor:__choice__': 'liblinear_svr', 'regressor:liblinear_svr:C': 3034.0462657388184, 'regressor:liblinear_svr:dual': 'False', 'regressor:liblinear_svr:epsilon': 0.5512333358754161, 'regressor:liblinear_svr:fit_intercept': 'True', 'regressor:liblinear_svr:intercept_scaling': 1, 'regressor:liblinear_svr:loss': 'squared_epsilon_insensitive', 'regressor:liblinear_svr:tol': 0.0007729966010130209}",56,Success,0.0,NoPreprocessing,no_preprocessing,liblinear_svr,3034.0462657388184,False,0.5512333358754161,True,1.0,squared_epsilon_insensitive,0.0007729966010130209,,,,,,,,,,,,,,,,,,,,
57,1346451.698042716,4.258672714233398,"{'data_preprocessor:__choice__': 'NoPreprocessing', 'feature_preprocessor:__choice__': 'no_preprocessing', 'regressor:__choice__': 'sgd', 'regressor:sgd:alpha': 0.05086266854612005, 'regressor:sgd:average': 'False', 'regressor:sgd:fit_intercept': 'True', 'regressor:sgd:learning_rate': 'optimal', 'regressor:sgd:loss': 'squared_epsilon_insensitive', 'regressor:sgd:penalty': 'l1', 'regressor:sgd:tol': 1.0995171680018514e-05, 'regressor:sgd:epsilon': 0.011040817251643546}",63,Success,0.0,NoPreprocessing,no_preprocessing,sgd,,,,,,,,,,,,,,,,,0.05086266854612005,False,True,optimal,squared_epsilon_insensitive,l1,1.0995171680018514e-05,0.011040817251643546,,,
58,15776.015871387679,78.77704167366028,"{'data_preprocessor:__choice__': 'NoPreprocessing', 'feature_preprocessor:__choice__': 'no_preprocessing', 'regressor:__choice__': 'random_forest', 'regressor:random_forest:bootstrap': 'False', 'regressor:random_forest:criterion': 'mse', 'regressor:random_forest:max_depth': 'None', 'regressor:random_forest:max_features': 0.38400870096678774, 'regressor:random_forest:max_leaf_nodes': 'None', 'regressor:random_forest:min_impurity_decrease': 0.0, 'regressor:random_forest:min_samples_leaf': 9, 'regressor:random_forest:min_samples_split': 19, 'regressor:random_forest:min_weight_fraction_leaf': 0.0}",6,Success,0.0,NoPreprocessing,no_preprocessing,random_forest,,,,,,,,False,mse,None,0.38400870096678774,None,0.0,9.0,19.0,0.0,,,,,,,,,,,
59,271980.0844690304,0.3527238368988037,"{'data_preprocessor:__choice__': 'NoPreprocessing', 'feature_preprocessor:__choice__': 'no_preprocessing', 'regressor:__choice__': 'sgd', 'regressor:sgd:alpha': 2.3721756853570002e-05, 'regressor:sgd:average': 'False', 'regressor:sgd:fit_intercept': 'True', 'regressor:sgd:learning_rate': 'invscaling', 'regressor:sgd:loss': 'squared_loss', 'regressor:sgd:penalty': 'l2', 'regressor:sgd:tol': 1.0814071778052745e-05, 'regressor:sgd:eta0': 0.00033632588076889006, 'regressor:sgd:power_t': 0.031661322680529326}",61,Success,0.0,NoPreprocessing,no_preprocessing,sgd,,,,,,,,,,,,,,,,,2.3721756853570002e-05,False,True,invscaling,squared_loss,l2,1.0814071778052745e-05,,0.00033632588076889006,,0.031661322680529326
60,15870.622812864556,47.09962797164917,"{'data_preprocessor:__choice__': 'NoPreprocessing', 'feature_preprocessor:__choice__': 'no_preprocessing', 'regressor:__choice__': 'random_forest', 'regressor:random_forest:bootstrap': 'True', 'regressor:random_forest:criterion': 'mse', 'regressor:random_forest:max_depth': 'None', 'regressor:random_forest:max_features': 0.5275990074082406, 'regressor:random_forest:max_leaf_nodes': 'None', 'regressor:random_forest:min_impurity_decrease': 0.0, 'regressor:random_forest:min_samples_leaf': 19, 'regressor:random_forest:min_samples_split': 13, 'regressor:random_forest:min_weight_fraction_leaf': 0.0}",17,Success,0.0,NoPreprocessing,no_preprocessing,random_forest,,,,,,,,True,mse,None,0.5275990074082406,None,0.0,19.0,13.0,0.0,,,,,,,,,,,
61,19621.142599402763,14.329397201538086,"{'data_preprocessor:__choice__': 'NoPreprocessing', 'feature_preprocessor:__choice__': 'no_preprocessing', 'regressor:__choice__': 'liblinear_svr', 'regressor:liblinear_svr:C': 10.899399749149067, 'regressor:liblinear_svr:dual': 'False', 'regressor:liblinear_svr:epsilon': 0.0013241972373052803, 'regressor:liblinear_svr:fit_intercept': 'True', 'regressor:liblinear_svr:intercept_scaling': 1, 'regressor:liblinear_svr:loss': 'squared_epsilon_insensitive', 'regressor:liblinear_svr:tol': 8.868785663530775e-05}",59,Success,0.0,NoPreprocessing,no_preprocessing,liblinear_svr,10.899399749149067,False,0.0013241972373052803,True,1.0,squared_epsilon_insensitive,8.868785663530775e-05,,,,,,,,,,,,,,,,,,,,
62,15881.56085875641,37.01619291305542,"{'data_preprocessor:__choice__': 'NoPreprocessing', 'feature_preprocessor:__choice__': 'no_preprocessing', 'regressor:__choice__': 'random_forest', 'regressor:random_forest:bootstrap': 'True', 'regressor:random_forest:criterion': 'mse', 'regressor:random_forest:max_depth': 'None', 'regressor:random_forest:max_features': 0.4078710776897385, 'regressor:random_forest:max_leaf_nodes': 'None', 'regressor:random_forest:min_impurity_decrease': 0.0, 'regressor:random_forest:min_samples_leaf': 20, 'regressor:random_forest:min_samples_split': 6, 'regressor:random_forest:min_weight_fraction_leaf': 0.0}",22,Success,0.0,NoPreprocessing,no_preprocessing,random_forest,,,,,,,,True,mse,None,0.4078710776897385,None,0.0,20.0,6.0,0.0,,,,,,,,,,,
63,15958.621858157972,0.42707276344299316,"{'data_preprocessor:__choice__': 'NoPreprocessing', 'feature_preprocessor:__choice__': 'no_preprocessing', 'regressor:__choice__': 'sgd', 'regressor:sgd:alpha': 3.505383983052203e-07, 'regressor:sgd:average': 'True', 'regressor:sgd:fit_intercept': 'True', 'regressor:sgd:learning_rate': 'invscaling', 'regressor:sgd:loss': 'squared_loss', 'regressor:sgd:penalty': 'l2', 'regressor:sgd:tol': 0.009970718831891823, 'regressor:sgd:eta0': 2.047735249951426e-07, 'regressor:sgd:power_t': 0.2658268241137969}",33,Success,0.0,NoPreprocessing,no_preprocessing,sgd,,,,,,,,,,,,,,,,,3.505383983052203e-07,True,True,invscaling,squared_loss,l2,0.009970718831891823,,2.047735249951426e-07,,0.2658268241137969
64,15929.349448023268,4.3385303020477295,"{'data_preprocessor:__choice__': 'NoPreprocessing', 'feature_preprocessor:__choice__': 'no_preprocessing', 'regressor:__choice__': 'sgd', 'regressor:sgd:alpha': 1.0390873420544648e-06, 'regressor:sgd:average': 'True', 'regressor:sgd:fit_intercept': 'True', 'regressor:sgd:learning_rate': 'invscaling', 'regressor:sgd:loss': 'squared_loss', 'regressor:sgd:penalty': 'elasticnet', 'regressor:sgd:tol': 1.1756706878326158e-05, 'regressor:sgd:eta0': 2.9271568297260763e-06, 'regressor:sgd:l1_ratio': 1.096912379498183e-08, 'regressor:sgd:power_t': 0.18477324109020649}",27,Success,0.0,NoPreprocessing,no_preprocessing,sgd,,,,,,,,,,,,,,,,,1.0390873420544648e-06,True,True,invscaling,squared_loss,elasticnet,1.1756706878326158e-05,,2.9271568297260763e-06,1.096912379498183e-08,0.18477324109020649
65,2147483647.0,240.10185599327087,"{'data_preprocessor:__choice__': 'NoPreprocessing', 'feature_preprocessor:__choice__': 'no_preprocessing', 'regressor:__choice__': 'random_forest', 'regressor:random_forest:bootstrap': 'False', 'regressor:random_forest:criterion': 'mae', 'regressor:random_forest:max_depth': 'None', 'regressor:random_forest:max_features': 0.3840534320766872, 'regressor:random_forest:max_leaf_nodes': 'None', 'regressor:random_forest:min_impurity_decrease': 0.0, 'regressor:random_forest:min_samples_leaf': 18, 'regressor:random_forest:min_samples_split': 11, 'regressor:random_forest:min_weight_fraction_leaf': 0.0}",67,Timeout,0.0,NoPreprocessing,no_preprocessing,random_forest,,,,,,,,False,mae,None,0.3840534320766872,None,0.0,18.0,11.0,0.0,,,,,,,,,,,
66,15970.401785359512,1.5218358039855957,"{'data_preprocessor:__choice__': 'NoPreprocessing', 'feature_preprocessor:__choice__': 'no_preprocessing', 'regressor:__choice__': 'sgd', 'regressor:sgd:alpha': 2.1492699370230972e-07, 'regressor:sgd:average': 'True', 'regressor:sgd:fit_intercept': 'True', 'regressor:sgd:learning_rate': 'invscaling', 'regressor:sgd:loss': 'squared_loss', 'regressor:sgd:penalty': 'elasticnet', 'regressor:sgd:tol': 1.003486668732579e-05, 'regressor:sgd:eta0': 1.0840385301341408e-05, 'regressor:sgd:l1_ratio': 0.0725049010212306, 'regressor:sgd:power_t': 0.029952295202811147}",40,Success,0.0,NoPreprocessing,no_preprocessing,sgd,,,,,,,,,,,,,,,,,2.1492699370230972e-07,True,True,invscaling,squared_loss,elasticnet,1.003486668732579e-05,,1.0840385301341408e-05,0.0725049010212306,0.029952295202811147
67,15789.365785176005,38.48441410064697,"{'data_preprocessor:__choice__': 'NoPreprocessing', 'feature_preprocessor:__choice__': 'no_preprocessing', 'regressor:__choice__': 'random_forest', 'regressor:random_forest:bootstrap': 'False', 'regressor:random_forest:criterion': 'mse', 'regressor:random_forest:max_depth': 'None', 'regressor:random_forest:max_features': 0.23888649377330826, 'regressor:random_forest:max_leaf_nodes': 'None', 'regressor:random_forest:min_impurity_decrease': 0.0, 'regressor:random_forest:min_samples_leaf': 20, 'regressor:random_forest:min_samples_split': 15, 'regressor:random_forest:min_weight_fraction_leaf': 0.0}",7,Success,0.0,NoPreprocessing,no_preprocessing,random_forest,,,,,,,,False,mse,None,0.23888649377330826,None,0.0,20.0,15.0,0.0,,,,,,,,,,,
68,15942.25920487248,148.0087513923645,"{'data_preprocessor:__choice__': 'NoPreprocessing', 'feature_preprocessor:__choice__': 'no_preprocessing', 'regressor:__choice__': 'random_forest', 'regressor:random_forest:bootstrap': 'False', 'regressor:random_forest:criterion': 'mse', 'regressor:random_forest:max_depth': 'None', 'regressor:random_forest:max_features': 0.9038186951328193, 'regressor:random_forest:max_leaf_nodes': 'None', 'regressor:random_forest:min_impurity_decrease': 0.0, 'regressor:random_forest:min_samples_leaf': 17, 'regressor:random_forest:min_samples_split': 5, 'regressor:random_forest:min_weight_fraction_leaf': 0.0}",29,Success,0.0,NoPreprocessing,no_preprocessing,random_forest,,,,,,,,False,mse,None,0.9038186951328193,None,0.0,17.0,5.0,0.0,,,,,,,,,,,
69,15760.048421869185,39.756474018096924,"{'data_preprocessor:__choice__': 'NoPreprocessing', 'feature_preprocessor:__choice__': 'no_preprocessing', 'regressor:__choice__': 'random_forest', 'regressor:random_forest:bootstrap': 'False', 'regressor:random_forest:criterion': 'mse', 'regressor:random_forest:max_depth': 'None', 'regressor:random_forest:max_features': 0.24977326454342666, 'regressor:random_forest:max_leaf_nodes': 'None', 'regressor:random_forest:min_impurity_decrease': 0.0, 'regressor:random_forest:min_samples_leaf': 18, 'regressor:random_forest:min_samples_split': 6, 'regressor:random_forest:min_weight_fraction_leaf': 0.0}",4,Success,0.0,NoPreprocessing,no_preprocessing,random_forest,,,,,,,,False,mse,None,0.24977326454342666,None,0.0,18.0,6.0,0.0,,,,,,,,,,,
70,15958.708633881894,0.4992809295654297,"{'data_preprocessor:__choice__': 'NoPreprocessing', 'feature_preprocessor:__choice__': 'no_preprocessing', 'regressor:__choice__': 'sgd', 'regressor:sgd:alpha': 1.0787633473991817e-07, 'regressor:sgd:average': 'True', 'regressor:sgd:fit_intercept': 'True', 'regressor:sgd:learning_rate': 'invscaling', 'regressor:sgd:loss': 'squared_loss', 'regressor:sgd:penalty': 'elasticnet', 'regressor:sgd:tol': 5.200049771821049e-05, 'regressor:sgd:eta0': 1.0265922995216814e-05, 'regressor:sgd:l1_ratio': 1.0698474836211702e-08, 'regressor:sgd:power_t': 0.9263434267953844}",35,Success,0.0,NoPreprocessing,no_preprocessing,sgd,,,,,,,,,,,,,,,,,1.0787633473991817e-07,True,True,invscaling,squared_loss,elasticnet,5.200049771821049e-05,,1.0265922995216814e-05,1.0698474836211702e-08,0.9263434267953844
71,2147483647.0,97.10065054893494,"{'data_preprocessor:__choice__': 'NoPreprocessing', 'feature_preprocessor:__choice__': 'no_preprocessing', 'regressor:__choice__': 'random_forest', 'regressor:random_forest:bootstrap': 'True', 'regressor:random_forest:criterion': 'mse', 'regressor:random_forest:max_depth': 'None', 'regressor:random_forest:max_features': 0.8025186787264563, 'regressor:random_forest:max_leaf_nodes': 'None', 'regressor:random_forest:min_impurity_decrease': 0.0, 'regressor:random_forest:min_samples_leaf': 1, 'regressor:random_forest:min_samples_split': 20, 'regressor:random_forest:min_weight_fraction_leaf': 0.0}",67,Timeout,0.0,NoPreprocessing,no_preprocessing,random_forest,,,,,,,,True,mse,None,0.8025186787264563,None,0.0,1.0,20.0,0.0,,,,,,,,,,,
